Model,Eval Seq Len,Val Acc
GDN,1024,98.84999990463257
GDN,2048,98.25000166893005
GDN,4096,98.04999828338623
GDN,8192,98.50000143051147
KLA,1024,100.0
KLA,2048,100.0
KLA,4096,100.0
KLA,8192,100.0
Mamba2,1024,0.10000000474974513
Mamba2,2048,0.050000002374872565
Mamba2,4096,0.050000002374872565
Mamba2,8192,0.0
Mamba2 (No-ES),1024,0.10000000474974513
Mamba2 (No-ES),2048,0.0
Mamba2 (No-ES),4096,0.0
Mamba2 (No-ES),8192,0.050000002374872565
